﻿<?xml version="1.0" encoding="utf-8" standalone="no" ?>
<vehicle type="tractor" xmlns:xsi="http://www.w3.org/2001/XMLSchema-instance" xsi:noNamespaceSchemaLocation="../../../../shared/xml/schema/vehicle.xsd">
    <annotation>Copyright (C) GIANTS Software GmbH, All Rights Reserved.</annotation>

    <storeData>
        <name>Junior 108</name>
        <specs>
            <power>1400</power>
            <maxSpeed>200</maxSpeed>
            <combination xmlFilename="$data/vehicles/salek/ans1900/ans1900.xml"/>			
            <combination xmlFilename="$data/vehicles/salek/tb100/tb100.xml"/>
            <combination xmlFilename="$data/vehicles/salek/akp122/akp122.xml"/>
            <combination xmlFilename="$data/vehicles/salek/mul1000/mul1000.xml"/>			
            <combination xmlFilename="$data/vehicles/salek/rzk300H/rzk300H.xml"/>			
            <combination xmlFilename="$data/vehicles/sip/favorit254/favorit254.xml"/>			
            <!-- <combination xmlFilename="$data/vehicles/poettinger/alpinHit44/alpinHit44.xml"/> -->
        </specs>
        <functions>
            <function>$l10n_function_tractor</function>
        </functions>
        <image>textures/store_junior108.png</image>
        <price>7500</price>
        <lifetime>600</lifetime>
        <rotation>0</rotation>
        <brand>PORSCHEDIESEL</brand>
        <category>tractorsS</category>
        <shopTranslationOffset>0 0.003 0</shopTranslationOffset>
        <shopRotationOffset>-0.1 0 0</shopRotationOffset>
		
        <vertexBufferMemoryUsage>1573376</vertexBufferMemoryUsage>
        <indexBufferMemoryUsage>457216</indexBufferMemoryUsage>
        <textureMemoryUsage>2818048</textureMemoryUsage>
        <audioMemoryUsage>266172</audioMemoryUsage>
        <instanceVertexBufferMemoryUsage>0</instanceVertexBufferMemoryUsage>
        <instanceIndexBufferMemoryUsage>0</instanceIndexBufferMemoryUsage>
    </storeData>

    <base>
        <typeDesc>$l10n_typeDesc_tractor</typeDesc>
        <filename>junior108.i3d</filename>
        <sounds filename="sounds/junior108.xml"/>
        <size width="2.2" length="3" height="2" lengthOffset="-0.05"/>
        <components>
            <component centerOfMass="0 0.5 0" solverIterationCount="15" mass="2000" />
            <component centerOfMass="0 0 0"  solverIterationCount="25" mass="1720" />
            <joint component1="1" component2="2" node="axisJoint" rotLimit="0 0 9" rotLimitSpring="0 0 4000" rotLimitDamping="0 0 0.4" maxRotDriveForce="0 0 0.4" rotDriveRotation="0 0 0" rotDriveSpring="0 0 0.4" rotDriveDamping="0 0 0.4" breakable="false"/>
        </components>
        <schemaOverlay attacherJointPosition="0 0" name="VEHICLE"/>
        <mapHotspot type="TRACTOR" />
    </base>

    <wheels>
        <wheelConfigurations>
            <wheelConfiguration name="$l10n_configuration_valueDefault" price="0" brand="BKT">
                <wheels autoRotateBackSpeed="2.2">
                    <wheel filename="$data/shared/wheels/tires/bkt/TF8181/4_00__16.xml" isLeft="true" hasTireTracks="true" hasParticles="true" >
                        <physics rotSpeed="1"  restLoad="0.3" repr="axisFrontLeft"  driveNode="wheelFrontLeft"  forcePointRatio="0.3" initialCompression="25" suspTravel="0.06" spring="18" damper="15" yOffset="0.015" />
                        <steering node="steeringBar" rotNode="steeringBar" nodeMinRotY="45" nodeMaxRotY="-45"/>
                    </wheel>
                    <wheel filename="$data/shared/wheels/tires/bkt/TF8181/4_00__16.xml" isLeft="false" hasTireTracks="true" hasParticles="true" >
                        <physics rotSpeed="1"  restLoad="0.3" repr="axisFrontRight" driveNode="wheelFrontRight" forcePointRatio="0.3" initialCompression="25" suspTravel="0.06" spring="18" damper="15" yOffset="0.015" />
                    </wheel>
                    <wheel filename="$data/shared/wheels/tires/bkt/TR135/9_5__24.xml"  isLeft="true" hasTireTracks="true" hasParticles="true" >
                        <physics rotSpeed="0" restLoad="0.2" repr="wheelBackLeft"   forcePointRatio="0.3" initialCompression="17" suspTravel="0.07" spring="10" damper="15" yOffset="0.03" frictionScale="1.9" />
                    </wheel>
                    <wheel filename="$data/shared/wheels/tires/bkt/TR135/9_5__24.xml" isLeft="false" hasTireTracks="true" hasParticles="true" >
                        <physics rotSpeed="0" restLoad="0.2" repr="wheelBackRight"  forcePointRatio="0.3" initialCompression="17" suspTravel="0.07" spring="10" damper="15" yOffset="0.03" frictionScale="1.9" />
                    </wheel>
                </wheels>
            </wheelConfiguration>
        </wheelConfigurations>

        <rimMaterial materialTemplateName="UNVERFETH_BEIGE"/>

        <hubs>
            <color0>PORSCHEDIESEL_RED1</color0>
            <color1>SHARED_GREY3</color1>
            <hub linkNode="wheelFrontLeft"  filename="$data/shared/wheels/hubs/hub_n6_1.xml" isLeft="true"  scale="0.08 0.15 0.15" />
            <hub linkNode="wheelFrontRight" filename="$data/shared/wheels/hubs/hub_n6_1.xml" isLeft="false" scale="0.08 0.15 0.15" />
            <hub linkNode="wheelBackLeft"   filename="$data/shared/wheels/hubs/hub_n8_2.xml" isLeft="true"  scale="0.2 0.2 0.2" />
            <hub linkNode="wheelBackRight"  filename="$data/shared/wheels/hubs/hub_n8_2.xml" isLeft="false" scale="0.2 0.2 0.2" />
        </hubs>

        <ackermannSteeringConfigurations>
            <ackermannSteering rotSpeed="40" rotMax="45" rotCenterWheel1="3" rotCenterWheel2="4" />
        </ackermannSteeringConfigurations>
    </wheels>

    <speedRotatingParts>
        <speedRotatingPart node="pto01" radius="0.1" />
    </speedRotatingParts>

    <lights>
        <states>
            <state lightTypes="0" />
        </states>

        <realLights>
            <low>
                <light node="frontLightLow"      lightTypes="0" excludedLightTypes="3" />
                <light node="highBeamLow"        lightTypes="3" />
            </low>
            <high>
                <light node="frontLightHigh"     lightTypes="0" excludedLightTypes="3" />
                <light node="backLightsHigh1"    lightTypes="0"/>
                <light node="highBeamHigh"       lightTypes="3"/>
                <brakeLight node="backLightsHigh1" />
                <turnLightLeft node="turnLightLeftFront" />
                <turnLightRight node="turnLightRightFront" />
            </high>
        </realLights>

        <!-- <defaultLights> -->
            <!-- <defaultLight shaderNode="frontLightStatic"         lightTypes="0 3" intensity="75"/> -->
            <!-- <defaultLight shaderNode="frontLightStaticGlass"    lightTypes="0 3" intensity="3"/> -->
            <!-- <defaultLight shaderNode="backLightStatic"          lightTypes="0" intensity="75"/> -->
            <!-- <defaultLight shaderNode="backLightStaticGlass"     lightTypes="0" intensity="3"/> -->
        <!-- </defaultLights> -->

        <!-- <turnLights> -->
            <!-- <turnLightLeft shaderNode="turnLightLeftStatic"        intensity="75"/> -->
            <!-- <turnLightLeft shaderNode="turnLightLeftStaticGlass"   intensity="3"/> -->
            <!-- <turnLightRight shaderNode="turnLightRightStatic"      intensity="75"/> -->
            <!-- <turnLightRight shaderNode="turnLightRightStaticGlass" intensity="3"/> -->
        <!-- </turnLights> -->

        <!-- <brakeLights> -->
            <!-- <brakeLight shaderNode="backLightStatic"      intensity="75"/> -->
            <!-- <brakeLight shaderNode="backLightStaticGlass" intensity="3"/> -->
        <!-- </brakeLights> -->

        <staticLightCompounds>
            <staticLightCompound>
                <node node="frontLightStaticGlass" intensity="5"/>
                <node node="backLightStaticGlass" intensity="1"/>
                <node node="backLightStatic" intensity="1"/>
                <node node="turnLightLeftStatic" intensity="1"/>
                <node node="turnLightLeftStaticGlass" intensity="1"/>
                <node node="turnLightRightStatic" intensity="1"/>
                <node node="turnLightRightStaticGlass" intensity="1"/>
            </staticLightCompound>
        </staticLightCompounds>
    </lights>	

    <licensePlates>
        <licensePlate node="licensePlateNodeFront" position="FRONT" preferedType="SQUARISH" placementArea="0.08 0.2 0.1 0.2" />
        <licensePlate node="licensePlateNodeBack"  position="BACK"  preferedType="SQUARISH" placementArea="0.08 - - -" />
    </licensePlates>

    <attacherJoints comboDuration="2">
        <attacherJoint node="attacherJointBack" lowerRotationOffset="0.58" upperRotationOffset="-0.05" moveTime="2.5" comboTime="1">
            <distanceToGround lower="0.26" upper="0.76"/>
            <rotationNode node="attacherJointBackRot" upperRotation="27 0 0" lowerRotation="-11 0 0"/>
            <rotationNode2 node="attacherJointBackRot2"/>
            <bottomArm rotationNode="attacherJointBackArmBottom" translationNode="attacherJointBackArmBottomTrans" referenceNode="referencePointBackBottom" zScale="-1" startRotation="-11 0 0" categoryRange="1 4"/>
            <topArm baseNode="attacherJointBackArmTop" filename="$data/shared/assets/upperLinks/walterscheidSO_65_460.xml" zScale="-1" materialTemplateName="PORSCHEDIESEL_RED1" />
            <schema position="1 0" rotation="0" invertX="false"/>
        </attacherJoint>

        <attacherJoint node="trailerAttacherJointBack" jointType="trailer" lowerRotLimit="25 55 50" allowsJointLimitMovement="false" comboTime="1">
            <schema position="1 0" rotation="0" invertX="false" />
        </attacherJoint>
        <attacherJoint node="trailerAttacherJointBack" jointType="trailerLow" lowerRotLimit="25 55 50" lowerTransLimit="0 0 0" allowsJointLimitMovement="false" comboTime="1">
            <schema position="1 0" rotation="0" invertX="false" />
        </attacherJoint>
        <attacherJoint node="trailerAttacherJointFront" jointType="trailer" lowerRotLimit="25 65 50" lowerTransLimit="0 0 0" allowsJointLimitMovement="false" comboTime="0">
            <schema position="1 0" rotation="0" invertX="true" />
        </attacherJoint>
    </attacherJoints>

    <connectionHoses>
        <target attacherJointIndices="1 2" type="electric" node="backElectric">
            <objectChange node="electricFlap" rotationActive="75 0 0" rotationInactive="0 0 0"/>
        </target>
    </connectionHoses>

    <powerTakeOffs>
        <output attacherJointIndices="1 2" outputNode="ptoBack" />
    </powerTakeOffs>

    <enterable isTabbable="true" >
        <enterReferenceNode node="junior108_main_component1" />
        <exitPoint node="exitPoint" />

        <cameras>
            <camera node="outdoorCamera1" rotatable="true" rotateNode="outdoorCameraTarget" limit="true" useWorldXZRotation="true" rotMinX="-1.4" rotMaxX="1" transMin="2.3" transMax="40" translation="0 0 3.6" rotation="-17 180 0">
                <raycastNode node="cameraRaycastNode1"/>
                <raycastNode node="cameraRaycastNode2"/>
                <raycastNode node="cameraRaycastNode3"/>
            </camera>
            <camera node="indoorCamera1" rotatable="true" limit="true" rotMinX="-1.1" rotMaxX="0.4" transMin="0" transMax="0" useMirror="true" isInside="true" useOutdoorSounds="true" shadowFocusBox="shadowFocusBox" />
        </cameras>

        <characterNode node="playerSkin" cameraMinDistance="0.5" spineRotation="-90 0 90" >
            <target ikChain="rightFoot" targetNode="playerRightFootTarget"/>
            <target ikChain="leftFoot"  targetNode="playerLeftFootTarget"/>
            <target ikChain="rightArm"  targetNode="playerRightHandTarget"/>
            <target ikChain="leftArm"   targetNode="playerLeftHandTarget"/>
        </characterNode>

        <characterTargetNodeModifier node="playerRightFootTarget" transitionTime="0.1" >
            <state node="playerRightFootTargetGas"   referenceNode="gasPedal" directionReferenceNode="playerRightFootTargetGasRef" />
            <state node="playerRightFootTargetBrake" referenceNode="brakePedal" />
        </characterTargetNodeModifier>

        <characterTargetNodeModifier node="playerLeftFootTarget" transitionTime="0.1" >
            <state node="playerLeftFootTargetClutch" referenceNode="clutchPedal" />
        </characterTargetNodeModifier>

        <mirrors>
            <mirror node="mirrorDecal01" prio="1" />
        </mirrors>
    </enterable>

    <motorized>
        <consumerConfigurations>
            <consumerConfiguration>
                <consumer fillUnitIndex="1" usage="4.2"  fillType="diesel" /> <!-- usage is per hour at max load and max rpm -->
            </consumerConfiguration>
        </consumerConfigurations>

        <differentialConfigurations>
            <differentialConfiguration>
                <differentials>
                    <differential torqueRatio="0.5" maxSpeedRatio="1.9" wheelIndex1="3" wheelIndex2="4" /> <!-- back left-right -->
                </differentials>
            </differentialConfiguration>
        </differentialConfigurations>

        <motorConfigurations>
            <motorConfiguration name="Junior 108" hp="1400">
                <motor torqueScale="5.246" minRpm="850" maxRpm="2200" maxForwardSpeed="200" maxBackwardSpeed="6" brakeForce="10" lowBrakeForceScale="0.22" dampingRateScale="0.04">
                    <torque normRpm="0.45" torque="0.9"/>
                    <torque normRpm="0.5" torque="0.97"/>
                    <torque normRpm="0.59" torque="1"/>
                    <torque normRpm="0.72" torque="1"/>
                    <torque normRpm="0.86" torque="0.88"/>
                    <torque normRpm="1" torque="0.72"/>
                </motor>
                <transmission autoGearChangeTime="0.75" gearChangeTime="0.4" startGearThreshold="0.25" name="$l10n_info_transmission_manual">
                    <directionChange useGear="true" useGroup="false" changeTime="0.5"/>
                    <groups type="DEFAULT" changeTime="0.5">
                        <group ratio="0.250" name="L" />
                        <group ratio="1.000" name="S" />
                    </groups>

                    <backwardGear maxSpeed="6"/>

                    <forwardGear maxSpeed="7.9" />
                    <forwardGear maxSpeed="12.5" />
                    <forwardGear maxSpeed="200.1" />
                </transmission>
            </motorConfiguration>
        </motorConfigurations>

        <gearLevers>
            <gearLever node="gearLever" centerAxis="3" changeTime="0.3" handsOnDelay="0.25">
                <state gear="-1" xRot="10" zRot="-10" />
                <state gear="0" xRot="0" zRot="0" />
                <state gear="1" xRot="-10" zRot="-10" />
                <state gear="2" xRot="10" zRot="10" />
                <state gear="3" xRot="-10" zRot="10" />
            </gearLever>
        </gearLevers>

        <exhaustEffects>
            <exhaustEffect node="exhaustParticle" filename="$data/effects/exhaust/exhaust.i3d" minRpmColor="0.9 0.9 0.9 0.1" maxRpmColor="0.9 0.9 0.9 0.4" minRpmScale="0.05" maxRpmScale="0.5" />
        </exhaustEffects>

        <motorStartDuration>7000</motorStartDuration>

        <dashboards>
            <dashboard displayType="ROT" valueType="clutchPedal" node="clutchPedal"   minRot="0 0 0" maxRot="-10 0 0" doInterpolation="true" groups="MOTOR_ACTIVE"/>
            <dashboard displayType="MULTI_STATE" valueType="ignitionState" node="ignitionKey" doInterpolation="true" groups="MOTOR_ACTIVE">
                <state value="0" rotation="0 0 0"/>
                <state value="1" rotation="0 -60 0"/>
                <state value="2" rotation="0 -30 0"/>
            </dashboard>
        </dashboards>
    </motorized>

    <drivable>
        <steeringWheel node="steeringWheel" indoorRotation="540" outdoorRotation="35" />

        <dashboards>
            <dashboard displayType="ROT" valueType="accelerationAxis" node="gasPedal"   minRot="0 0 0" maxRot="14 0 0" doInterpolation="true" groups="MOTOR_ACTIVE"/>
            <dashboard displayType="ROT" valueType="decelerationAxis" node="brakePedal" minRot="0 0 0" maxRot="15 0 0" doInterpolation="true" groups="MOTOR_ACTIVE"/>
        </dashboards>
    </drivable>

    <cylindered>
        <movingTools>
            <movingTool node="brakePedal">
                <dependentPart node="brakePedalArm01" />
            </movingTool>
            <movingTool node="attacherJointBackArmBottom">
                <dependentPart node="mainArm" />
            </movingTool>
        </movingTools>

        <movingParts>
            <movingPart node="steeringBarLeft" referencePoint="steeringBarLeftRef" referenceFrame="steeringBarLeftRef" isActiveDirty="true" scaleZ="true" maxUpdateDistance="30"/>
            <movingPart node="steeringBarRight" referencePoint="steeringBarRightRef" referenceFrame="steeringBarRightRef" isActiveDirty="true" scaleZ="true" maxUpdateDistance="30"/>
            <movingPart node="brakePedalArm01" localReferencePoint="brakePedalArm02" referencePoint="brakePedalArm02Ref" referenceFrame="brakePedalArm01RefFrame">
                <dependentPart node="brakePedalArm02" />
                <dependentPart node="brakePedalArm02Spring" />
            </movingPart>
            <movingPart node="brakePedalArm02" referencePoint="brakePedalArm02Ref" referenceFrame="brakePedalArm02Ref"/>
            <movingPart node="brakePedalArm02Spring" referencePoint="brakePedalArm02SpringRef" referenceFrame="brakePedalArm02SpringRef" scaleZ="true"/>

            <movingPart node="mainArm" localReferencePoint="mainArmPart" referencePoint="mainArmPartRef" referenceFrame="mainArmRefFrame">
                <dependentPart node="mainArmPart" />
            </movingPart>
            <movingPart node="mainArmPart" referencePoint="mainArmPartRef" referenceFrame="mainArmPartRef">
                <dependentPart node="lowerLinkChainLeft" />
                <dependentPart node="lowerLinkChainRight" />
            </movingPart>
            <movingPart node="lowerLinkChainLeft" referencePoint="lowerLinkChainLeftRef" referenceFrame="lowerLinkChainLeftRef" scaleZ="true"/>
            <movingPart node="lowerLinkChainRight" referencePoint="lowerLinkChainRightRef" referenceFrame="lowerLinkChainRightRef" scaleZ="true"/>
        </movingParts>
    </cylindered>

    <suspensions>
        <suspension useCharacterTorso="true"    weight="90" minRotation="0 -5 -5" maxRotation="0 5 5" suspensionParametersY="7 1" suspensionParametersZ="7 1" />
    </suspensions>

    <fillUnit>
        <fillUnitConfigurations>
            <fillUnitConfiguration>
                <fillUnits>
                    <fillUnit unitTextOverride="$l10n_unit_literShort" showOnHud="false" showInShop="false" fillTypes="diesel" capacity="22.5">
                        <exactFillRootNode node="exactFillRootNode" />
					</fillUnit>
                </fillUnits>
            </fillUnitConfiguration>
        </fillUnitConfigurations>
    </fillUnit>

    <dashboard>
        <groups>
            <group name="MOTOR_STARTING" isMotorStarting="true"/>
            <group name="MOTOR_ACTIVE"   isMotorStarting="true" isMotorRunning="true"/>
        </groups>
    </dashboard>

    <ai>
        <agent width="1.57" length="2.85" height="2" lengthOffset="0.62" frontOffset="1.54" />
        <collisionTrigger node="aiCollisionNode" width="1.6" height="1.9"/>
    </ai>

    <foliageBending>
        <bendingNode minX="-0.68" maxX="0.68" minZ="-0.1" maxZ="1.3" yOffset="0.35" />
        <bendingNode minX="-0.78" maxX="0.78" minZ="-1.25" maxZ="-0.1" yOffset="0.35" />
    </foliageBending>

    <!-- <baseMaterial> -->
        <!-- <material name="junior108_mat1" baseNode="junior108_vis"> -->
            <!-- <shaderParameter name="colorMat0" value="PORSCHEDIESEL_RED1"/> -->
            <!-- <shaderParameter name="colorMat3" value="PORSCHEDIESEL_RED1"/> -->
        <!-- </material> -->
        <!-- <material name="junior108Decal_mat1" baseNode="dieselJunior108Screws_decal"> -->
            <!-- <shaderParameter name="colorMat0" value="PORSCHEDIESEL_RED1"/> -->
        <!-- </material> -->
    <!-- </baseMaterial> -->

    <wearable wearDuration="480" workMultiplier="5" fieldMultiplier="2"/>
    <washable dirtDuration="90" washDuration="1" workMultiplier="3" fieldMultiplier="2"/>

    <i3dMappings>
        <i3dMapping id="junior108_main_component1" node="0>" />
        <i3dMapping id="junior108_vis" node="0>0" />
        <i3dMapping id="wheelBackLeft" node="0>0|0|0" />
        <i3dMapping id="wheelBackRight" node="0>0|0|1" />
        <i3dMapping id="axisJoint" node="0>0|0|2" />
		
        <i3dMapping id="frontLightStaticGlass" node="0>0|1|0|0" />
        <i3dMapping id="backLightStaticGlass" node="0>0|1|0|1" />
        <i3dMapping id="backLightStatic" node="0>0|1|0|2" />
        <i3dMapping id="turnLightLeftStatic" node="0>0|1|0|3" />
        <i3dMapping id="turnLightLeftStaticGlass" node="0>0|1|0|4" />
        <i3dMapping id="turnLightRightStatic" node="0>0|1|0|5" />
        <i3dMapping id="turnLightRightStaticGlass" node="0>0|1|0|6" />
		
        <!-- <i3dMapping id="turnLightLeftStatic" node="0>0|1|0|4" /> -->
        <!-- <i3dMapping id="turnLightLeftStaticGlass" node="0>0|1|0|5" /> -->
        <!-- <i3dMapping id="turnLightRightStatic" node="0>0|1|0|6" /> -->
        <!-- <i3dMapping id="turnLightRightStaticGlass" node="0>0|1|0|7" /> -->
		
        <i3dMapping id="frontLightLow" node="0>0|1|1|0" />
        <i3dMapping id="highBeamLow" node="0>0|1|1|1" />
        <i3dMapping id="frontLightHigh" node="0>0|1|1|2" />
        <i3dMapping id="highBeamHigh" node="0>0|1|1|3" />
        <i3dMapping id="backLightsHigh1" node="0>0|1|2|0" />
        <i3dMapping id="turnLightLeftFront" node="0>0|1|3|0" />
        <i3dMapping id="turnLightRightFront" node="0>0|1|3|1" />
        <i3dMapping id="outdoorCameraTarget" node="0>0|2|0" />
        <i3dMapping id="outdoorCamera1" node="0>0|2|0|0" />
        <i3dMapping id="indoorCamera1" node="0>0|2|1" />
        <i3dMapping id="cameraRaycastNode1" node="0>0|2|2" />
        <i3dMapping id="cameraRaycastNode2" node="0>0|2|3" />
        <i3dMapping id="cameraRaycastNode3" node="0>0|2|4" />
        <i3dMapping id="shadowFocusBox" node="0>0|2|5" />
        <i3dMapping id="exitPoint" node="0>0|3" />
        <i3dMapping id="exhaustParticle" node="0>0|4" />
        <i3dMapping id="attacherJointBackRot" node="0>0|5|0|0" />
        <i3dMapping id="attacherJointBackRot2" node="0>0|5|0|0|0" />
        <i3dMapping id="attacherJointBack" node="0>0|5|0|0|0|0" />
        <i3dMapping id="attacherJointBackArmBottom" node="0>0|5|0|1" />
        <i3dMapping id="attacherJointBackArmBottomTrans" node="0>0|5|0|1|0" />
        <i3dMapping id="referencePointBackBottom" node="0>0|5|0|1|0|0" />
        <i3dMapping id="mainArmPartRef" node="0>0|5|0|1|0|1" />
        <i3dMapping id="bottomLink" node="0>0|5|0|1|0|3" />
        <i3dMapping id="attacherJointBackArmTop" node="0>0|5|0|2" />
        <i3dMapping id="trailerAttacherJointBack" node="0>0|5|1|0" />
        <i3dMapping id="trailerAttacherJointBackLow" node="0>0|5|1|1" />
        <i3dMapping id="trailerAttacherJointFront" node="0>0|5|1|2" />
        <i3dMapping id="ptoBack" node="0>0|5|2|0" />
        <i3dMapping id="electricFlap" node="0>0|5|3" />
        <i3dMapping id="backElectric" node="0>0|5|4" />
        <i3dMapping id="steeringWheel" node="0>0|6|0|0|0" />
        <i3dMapping id="playerLeftHandTarget" node="0>0|6|0|0|0|0" />
        <i3dMapping id="playerRightHandTarget" node="0>0|6|0|0|0|1" />
        <i3dMapping id="gasPedal" node="0>0|6|0|1" />
        <i3dMapping id="playerRightFootTargetGasRef" node="0>0|6|0|1|0" />
        <i3dMapping id="brakePedal" node="0>0|6|0|2" />
        <i3dMapping id="brakePedalArm02Ref" node="0>0|6|0|2|0" />
        <i3dMapping id="playerRightFootTargetBrake" node="0>0|6|0|2|1" />
        <i3dMapping id="clutchPedal" node="0>0|6|0|3" />
        <i3dMapping id="playerLeftFootTargetClutch" node="0>0|6|0|3|0" />
        <i3dMapping id="playerSkin" node="0>0|6|1|0" />
        <i3dMapping id="playerRightFootTarget" node="0>0|6|1|1" />
        <i3dMapping id="playerLeftFootTarget" node="0>0|6|1|2" />
        <i3dMapping id="playerRightFootTargetGas" node="0>0|6|1|3" />
        <i3dMapping id="ignitionKey" node="0>0|6|2|0" />
        <i3dMapping id="gearLever" node="0>0|6|3" />
        <i3dMapping id="mirrorDecal01" node="0>0|6|4" />
        <i3dMapping id="pto01" node="0>0|7|0|0" />
        <i3dMapping id="steeringBar" node="0>0|7|1" />
        <i3dMapping id="steeringBarRightRef" node="0>0|7|1|0" />
        <i3dMapping id="steeringBarLeftRef" node="0>0|7|1|1" />
        <i3dMapping id="brakePedalArm01RefFrame" node="0>0|7|2" />
        <i3dMapping id="brakePedalArm01" node="0>0|7|3" />
        <i3dMapping id="brakePedalArm02" node="0>0|7|3|0" />
        <i3dMapping id="brakePedalArm02SpringRef" node="0>0|7|3|0|0" />
        <i3dMapping id="brakePedalArm02Spring" node="0>0|7|4" />
        <i3dMapping id="mainArmRefFrame" node="0>0|7|5" />
        <i3dMapping id="mainArm" node="0>0|7|5|0" />
        <i3dMapping id="mainArmPart" node="0>0|7|5|0|0" />
        <i3dMapping id="lowerLinkChainLeftRef" node="0>0|7|5|0|0|0" />
        <i3dMapping id="lowerLinkChainRightRef" node="0>0|7|5|0|0|1" />
        <i3dMapping id="lowerLinkChainLeft" node="0>0|7|6" />
        <i3dMapping id="lowerLinkChainRight" node="0>0|7|7" />
        <i3dMapping id="aiCollisionNode" node="0>0|8|0" />
        <i3dMapping id="dieselJunior108Screws_decal" node="0>0|9|4" />
        <i3dMapping id="backHitchBase_vis" node="0>0|9|5" />
        <i3dMapping id="licensePlateNodeFront" node="0>0|9|0" />
        <i3dMapping id="licensePlateNodeBack" node="0>0|9|1" />
        <i3dMapping id="exactFillRootNode" node="0>0|10|0" />
		
        <i3dMapping id="junior108_axis_component2" node="1>" />
        <i3dMapping id="axis" node="1>0" />
        <i3dMapping id="axisFrontLeft" node="1>0|0|0" />
        <i3dMapping id="wheelFrontLeft" node="1>0|0|0|0|0" />
        <i3dMapping id="steeringBarLeft" node="1>0|0|0|1" />
        <i3dMapping id="axisFrontRight" node="1>0|1|0" />
        <i3dMapping id="wheelFrontRight" node="1>0|1|0|0|0" />
        <i3dMapping id="steeringBarRight" node="1>0|1|0|1" />
    </i3dMappings>
</vehicle>
