<?xml version="1.0" encoding="utf-8" standalone="no"?>
<modDesc descVersion="95" xmlns:xsi="http://www.w3.org/2001/XMLSchema-instance" xsi:noNamespaceSchemaLocation="https://validation.gdn.giants-software.com/xml/fs25/modDesc.xsd">
    <author>Dogface</author>
    <version>1.0.0.0</version>
	
    <title>
        <en>Classic Tractors Pack</en>
		<de>Klassiker Traktoren-Pack</de>
		<fr>Pack De Tracteurs Classiques</fr>
    </title>
	
    <description>
		<en><![CDATA[This is a package of the retro tractors from Farming Simulator 22.

Contents:
Category: Small Tractors

Zetor z25k:
Power: 25 hp
Price: $9,500

Porsche Diesel Junior 108:
Power: 14 hp
Price: $7,500]]>
		</en>
		<de><![CDATA[Dies ist ein Paket mit den Retro-Traktoren aus dem LS22.

Inhalt:
Kategorie: Kleine Traktoren

Zetor z25k:
Leistung: 25 PS
Preis: 9.500 €

Porsche Diesel Junior 108:
Leistung: 14 PS
Preis: 7.500 €]]>
		</de>
		<fr><![CDATA[Il s'agit d'un pack de tracteurs rétro de Farming Simulator 22.

Contenu :
Catégorie : Petits tracteurs

Zetor z25k
Puissance : 25 ch
Prix : 9 500 €

Porsche Diesel Junior 108
Puissance : 14 ch
Prix : 7 500 €]]>
		</fr>
    </description>
	
    <iconFilename>icon_ClassicTractorsPack.png</iconFilename>
    <multiplayer supported="true"/>			
    <storeItems>
        <storeItem xmlFilename="z25k.xml"/>
        <storeItem xmlFilename="junior108.xml"/>
    </storeItems>		
</modDesc>
