﻿<?xml version="1.0" encoding="utf-8" standalone="no" ?>
<sounds xmlns:xsi="http://www.w3.org/2001/XMLSchema-instance" xsi:noNamespaceSchemaLocation="../../../../../shared/xml/schema/vehicle_sounds.xsd">
    <motorized>
        <sounds>
            <motor template="engineSmall" file="sounds/junior108_loop.gls" volumeScale="1.0"/>
            <motor template="indoorCabinRumble" />
            <gearbox template="transmissionSmall" file="$data/sounds/vehicles/transmission/steyrTransmissionLoop.wav" pitchScale="0.8" volumeScale="0.8" />
            <gearGroupLeverStart template="gearDisengagedNoCabin" volumeScale="0.8"/>
            <gearGroupLeverEnd template="gearEngagedNoCabin"      volumeScale="0.8"/>
        </sounds>
    </motorized>

    <lights>
        <sounds>
            <toggleLights template="switch01" volumeScale="1.5"/>
            <turnLight template="switchTurnlight" volumeScale="1.5"/>
        </sounds>
    </lights>

    <attacherJoints>
        <sounds>
            <attach template="attach01" linkNode="0>" />
            <hydraulic template="hydraulicOpen02" linkNode="0>" pitchScale="1.3" />
        </sounds>
    </attacherJoints>

    <drivable>
        <sounds>
            <waterSplash template="waterSplash01" />
        </sounds>
    </drivable>

    <honk>
        <sound template="hornDefault" pitchScale="0.80" />
    </honk>
</sounds>
