﻿<?xml version="1.0" encoding="utf-8" standalone="no" ?>
<sounds xmlns:xsi="http://www.w3.org/2001/XMLSchema-instance" xsi:noNamespaceSchemaLocation="../../../../../shared/xml/schema/vehicle_sounds.xsd">
    <motorized>
        <sounds>
            <motor template="engineSmall" file="sounds/z25k_loop.gls" volumeScale="1.5"/>
            <motor template="indoorCabinRumble" />
            <gearbox template="transmissionSmall" file="$data/sounds/vehicles/transmission/steyrTransmissionLoop.wav" pitchScale="0.6" volumeScale="1.3" />
            <gearGroupLeverStart template="gearDisengagedNoCabin" />
            <gearGroupLeverEnd template="gearEngagedNoCabin" />
        </sounds>
    </motorized>

    <lights>
        <sounds>
            <toggleLights template="switch01" volumeScale="1.5"/>
            <turnLight template="switchTurnlight" volumeScale="1.5"/>
        </sounds>
    </lights>

    <attacherJoints>
        <sounds>
            <attach template="attach01" linkNode="0>" />
            <hydraulic template="hydraulicOpen02" linkNode="0>" pitchScale="1.3" />
        </sounds>
    </attacherJoints>

    <drivable>
        <sounds>
            <waterSplash template="waterSplash01" />
        </sounds>
    </drivable>

    <honk>
        <sound template="hornDefault" pitchScale="0.85" />
    </honk>
</sounds>
